[
  {
    "id": 1,
    "nombre": "Tiendas Departamentales CIMACO Monclova",
    "domicilio": "Paseo Monclova Blvd Harold R. Pape No. 1000 Lote 1 Fracc. Estancias de San Juan Bautista CP 25733",
    "ciudad": "Monclova",
    "entidad": "Coahuila",
    "telefono": "",
    "latitud": 26.950905204135985,
    "longitud": -101.41746821660631
  },
  {
    "id": 2,
    "nombre": "Tiendas Departamentales CIMACO Hidalgo",
    "domicilio": "Av. Hidalgo No. 399 Pte. Col. Centro C.P. 27000",
    "ciudad": "Torreón",
    "entidad": "Coahuila",
    "telefono": "(871) 729-29-00",
    "latitud": 25.536772512094746,
    "longitud": -103.45349562698877
  },
  {
    "id": 3,
    "nombre": "Tiendas Departamentales CIMACO Juarez",
    "domicilio": "Av. Tecnológico No. 2701 Col. El Marquéz Local K Plaza Juárez Mall C.P. 32439",
    "ciudad": "Cd. Juárez",
    "entidad": "Chihuahua",
    "telefono": "",
    "latitud": 31.705468501931815,
    "longitud": -106.42707705606028
  },
  {
    "id": 4,
    "nombre": "Tiendas Departamentales CIMACO Plaza Cuatro Caminos",
    "domicilio": "Blvd. Independencia No. 1300 Ote. Col.Navarro C.P. 27010",
    "ciudad": "Torreón",
    "entidad": "Coahuila",
    "telefono": "(871) 747-22-00",
    "latitud": 25.560491460386178,
    "longitud": -103.43342947485762
  },
  {
    "id": 5,
    "nombre": "Tiendas Departamentales CIMACO Mazatlán",
    "domicilio": "Av. Reforma No. 2206, Local R-14 Gran Plaza Mall Fracc. Alameda C.P. 82123",
    "ciudad": "Mazatlán",
    "entidad": "Sinaloa",
    "telefono": "(669) 989-5700",
    "latitud": 23.23867075702835,
    "longitud": -106.43857027353538
  },
  {
    "id": 6,
    "nombre": "Tiendas Departamentales CIMACO Culiacán",
    "domicilio": "Plaza Ceiba Blvd. Pedro Infante No. 3000 Col.Congreso del Estado C.P. 80100",
    "ciudad": "Culiacán",
    "entidad": "Sinaloa",
    "telefono": "",
    "latitud": 24.79957827125014,
    "longitud": -107.42328257906108
  },
  {
    "id": 7,
    "nombre": "Tiendas Departamentales CIMACO Saltillo",
    "domicilio": "Blvd. Eulalio Gutiérrez No. 365 Patio Saltillo Esq. Blvd. Jesús Valdéz Sánchez Ex. Hacienda Los Cerritos C.P. 25010",
    "ciudad": "Saltillo",
    "entidad": "Coahuila",
    "telefono": "",
    "latitud": 25.442133194047226,
    "longitud": -100.96085672755825
  },
  {
    "id": 8,
    "nombre": "Joyerías Torres",
    "domicilio": "AV. IGNACIO VALLARTA 5709 02 LAS GRANJAS, C.P. 31100",
    "ciudad": "Chihuahua",
    "entidad": "Chihuahua",
    "telefono": "",
    "latitud": 28.672144224330808,
    "longitud": -106.10220476394913
  },
  {
    "id": 10,
    "nombre": "El Gran Chapur Tienda 58",
    "domicilio": "C. 58 por 63 y 65, Centro, 97000",
    "ciudad": "Mérida",
    "entidad": "Yucatán",
    "telefono": "",
    "latitud": 20.966096500899884,
    "longitud": -89.62217399274348
  },
  {
    "id": 11,
    "nombre": "El Gran Chapur Tienda 63",
    "domicilio": "C. 63 474, Centro, 97000",
    "ciudad": "Mérida",
    "entidad": "Yucatán",
    "telefono": "",
    "latitud": 20.965631339067887,
    "longitud": -89.61999627813016
  },
  {
    "id": 12,
    "nombre": "El Gran Chapur Tienda Via Vallejo",
    "domicilio": "Prol. Paseo de Montejo, Int. Vía Montejo, C.P. 97204, Plaza comercial The Harbor Mérida",
    "ciudad": "Mérida",
    "entidad": "Yucatán",
    "telefono": "",
    "latitud": 21.04664320871737,
    "longitud": -89.63013174058312
  },
  {
    "id": 13,
    "nombre": "El Gran Chapur Tienda Cancún",
    "domicilio": "Plaza Malecón Américas, Av. Bonampak Mz1 Lote 1, 77500",
    "ciudad": "Cancún",
    "entidad": "Quintana Roo",
    "telefono": "",
    "latitud": 21.148325045738247,
    "longitud": -86.82269749799939
  },
  {
    "id": 14,
    "nombre": "El Gran Chapur Tienda Norte",
    "domicilio": "C. 31 No. 106, entre Calle 26, Col. México, 97100",
    "ciudad": "Mérida",
    "entidad": "Yucatán",
    "telefono": "",
    "latitud": 20.99780137467176,
    "longitud": -89.61333728885354
  },
  {
    "id": 15,
    "nombre": "Click Joyas",
    "domicilio": "PASEO TABASCO 1405 SN GALAXIA/TABASCO 2000, CENTRO VILLAHERMOSA C.P. 86035",
    "ciudad": "Villa Hermosa",
    "entidad": "Tabasco",
    "telefono": "",
    "latitud": 18.000926222111005,
    "longitud": -92.9461325325582
  },
  {
    "id": 16,
    "nombre": "Click Joyas",
    "domicilio": "QUINTIN ARAUZ SN LOCAL 4 PRIMERO DE MAYO, CENTRO VILLAHERMOSA, C.P. 86190",
    "ciudad": "Villa Hermosa",
    "entidad": "Tabasco",
    "telefono": "",
    "latitud": 17.98098727333118,
    "longitud": -92.94072886563009
  },
  {
    "id": 20,
    "nombre": "Joyería Esmeralda",
    "domicilio": "JOSE MARIA PARAS Ext. 802 Int. 311 MONTERREY CENTRO, C.P. 64000",
    "ciudad": "Monterrey",
    "entidad": "Nuevo León",
    "telefono": "",
    "latitud": 25.66791954148419,
    "longitud": -100.3128318057426
  },
  {
    "id": 21,
    "nombre": "Joyas Diaro Suc. Morelos",
    "domicilio": "JOSE MARIA MORELOS Y PAVON No. 142 MONTERREY CENTRO, C.P. 64000",
    "ciudad": "Monterrey",
    "entidad": "Nuevo León",
    "telefono": "",
    "latitud": 25.667621353698966,
    "longitud": -100.31602243757105
  },
  {
    "id": 22,
    "nombre": "Joyas Diaro Suc. San Jerónimo",
    "domicilio": "ROGELIO CANTU GOMEZ 900 LOCAL 6 COLINAS DE SAN JERONIMO, C.P. 64630",
    "ciudad": "Monterrey",
    "entidad": "Nuevo León",
    "telefono": "",
    "latitud": 25.694626029519313,
    "longitud": -100.37969117057033
  },
  {
    "id": 23,
    "nombre": "Joyas Diaro Suc. San Agustín",
    "domicilio": "REAL SAN AGUSTIN 314 E-5 ZONA SAN AGUSTIN, C.P. 66260",
    "ciudad": "San Pedro Garza García",
    "entidad": "Nuevo León",
    "telefono": "",
    "latitud": 25.650470707708816,
    "longitud": -100.33842572938819
  },
  {
    "id": 24,
    "nombre": "JOFRANS Joyerías",
    "domicilio": "Av Real de San Agustín 222, L-F8 CP 66260 ",
    "ciudad": "San Pedro Garza García",
    "entidad": "Nuevo León",
    "telefono": "",
    "latitud": 25.64969490183477,
    "longitud": -100.33491408795275
  },
  {
    "id": 25,
    "nombre": "JEWELRY ART ISA",
    "domicilio": "CARRETERA NACIONAL 245 202 LA RIOJA PRIVADA RESIDENCIAL 2DA ETAPA, C.P. 64984",
    "ciudad": "Monterrey",
    "entidad": "Nuevo León",
    "telefono": "",
    "latitud": 25.575812409527195,
    "longitud": -100.24308123650208
  },
  {
    "id": 26,
    "nombre": "Arte Milenario",
    "domicilio": "LAZARO CARDENAS 1010 MEZANINE 2 RESIDENCIAL CANTERAS, C.P. 66260",
    "ciudad": "San Pedro Garza García",
    "entidad": "Nuevo León",
    "telefono": "",
    "latitud": 25.63963872026086,
    "longitud": -100.31498453826696
  },
  {
    "id": 30,
    "nombre": "MC Argollas",
    "domicilio": "SATURNINO CAMPOY S/N LOCAL 72 SAHUARO INDECO, C.P. 83171 ",
    "ciudad": "Hermosillo",
    "entidad": "Sonora",
    "telefono": "",
    "latitud": 29.103375602907125,
    "longitud": -110.99329493262736
  },
  {
    "id": 31,
    "nombre": "MC Argollas",
    "domicilio": "SOLIDARIDAD Y PLAZA LEY SAHUARO 26 LOCAL 19B EL LLANO",
    "ciudad": "Hermosillo",
    "entidad": "Sonora",
    "telefono": "",
    "latitud": 29.095898867662832,
    "longitud": -110.99290030318079
  },
  {
    "id": 33,
    "nombre": "MC Argollas",
    "domicilio": "ESTEBAN BACA CALDERON 19 JESUS GARCIA, C.P. 83140",
    "ciudad": "Hermosillo",
    "entidad": "Sonora",
    "telefono": "",
    "latitud": 29.109608759304656,
    "longitud": -110.95435940182156
  },
  {
    "id": 40,
    "nombre": "DANA Joyas",
    "domicilio": "FRANCISCO I. MADERO 59 LOCAL 15 CENTRO DE LA CIUDAD DE MEXICO AREA 1, CUAUHTEMOC CIUDAD DE MEXICO, C.P. 06000",
    "ciudad": "Ciudad de México",
    "entidad": "CDMX",
    "telefono": "",
    "latitud": 19.43326459114066,
    "longitud": -99.13541273753047
  },
  {
    "id": 41,
    "nombre": "Joyería Victoria",
    "domicilio": "FRANCISCO I MADERO 69 LOCAL 5  CENTRO DE LA CIUDAD DE MEXICO AREA 1, CUAUHTEMOC CIUDAD DE MEXICO, C.P. 06000",
    "ciudad": "Ciudad de México",
    "entidad": "CDMX",
    "telefono": "",
    "latitud": 19.43306452291659,
    "longitud": -99.13473569603148
  },
  {
    "id": 42,
    "nombre": "Joyerías México",
    "domicilio": "5 DE MAYO 61 B CENTRO (AREA 1), CUAUHTEMOC CIUDAD DE MEXICO, C.P. 06000",
    "ciudad": "Ciudad de México",
    "entidad": "CDMX",
    "telefono": "",
    "latitud": 19.433908589524535,
    "longitud": -99.13419911188217
  },
  {
    "id": 43,
    "nombre": "Joyerías México",
    "domicilio": "REPUBLICA DE BRASIL 8-A CENTRO (AREA 2), CUAUHTEMOC CIUDAD DE MEXICO, C.P. 06010",
    "ciudad": "Ciudad de México",
    "entidad": "CDMX",
    "telefono": "",
    "latitud": 19.435678129574,
    "longitud": -99.13392659873797
  },
  {
    "id": 44,
    "nombre": "Cozcateo",
    "domicilio": "FRANCISCO I. MADERO 54 5 CENTRO (AREA 1), CUAUHTEMOC, CIUDAD DE MEXICO, C.P. 06000",
    "ciudad": "Ciudad de México",
    "entidad": "CDMX",
    "telefono": "",
    "latitud": 19.433629995390245,
    "longitud": -99.13580493277541
  },
  {
    "id": 45,
    "nombre": "Amore Mio",
    "domicilio": "Av. Pdte. Masaryk 515-Local 7, Polanco II Secc, Miguel Hidalgo, 11560",
    "ciudad": "Ciudad de México",
    "entidad": "CDMX",
    "telefono": "",
    "latitud": 19.432813713480467,
    "longitud": -99.20397609912483
  },
  {
    "id": 46,
    "nombre": "Joyería D-Descuento",
    "domicilio": "PLAZA DE LA CONSTITUCION 3 16-17 CENTRO (AREA 2), CUAUHTEMOC CIUDAD DE MEXICO, C.P. 06010",
    "ciudad": "Ciudad de México",
    "entidad": "CDMX",
    "telefono": "",
    "latitud": 19.433051383197466,
    "longitud": -99.13416937740946
  },
  {
    "id": 47,
    "nombre": "Joyería D-Descuento",
    "domicilio": "MONTE DE PIEDAD 13 LOCAL 2-B CENTRO (AREA 1), CUAUHTEMOC CIUDAD DE MEXICO, C.P. 06000",
    "ciudad": "Ciudad de México",
    "entidad": "CDMX",
    "telefono": "",
    "latitud": 19.433585098405675,
    "longitud": -99.13415592011752
  },
  {
    "id": 48,
    "nombre": "Joyería Hari",
    "domicilio": "FRANCISCO I. MADERO 55 16 C CENTRO (AREA 1), CUAUHTEMOC CIUDAD DE MEXICO, C.P. 06000",
    "ciudad": "Ciudad de México",
    "entidad": "CDMX",
    "telefono": "",
    "latitud": 19.433168186737817,
    "longitud": -99.13579701301154
  },
  {
    "id": 49,
    "nombre": "FINEZZA JEWELRY",
    "domicilio": "AV. BENITO JUAREZ SUR 109 77 CENTRO, C.P. 50000",
    "ciudad": "Toluca de Lerdo",
    "entidad": "México",
    "telefono": "",
    "latitud": 19.289546052503827,
    "longitud": -99.65418220349675
  },
  {
    "id": 60,
    "nombre": "Joyería D Karen",
    "domicilio": "PASEO DEL HOSPICIO 22 LOCAL 2089  SAN JUAN DE DIOS, C.P. 44360",
    "ciudad": "Guadalajara",
    "entidad": "Jalisco",
    "telefono": "",
    "latitud": 20.67644002564257,
    "longitud": -103.34074641589075
  },
  {
    "id": 61,
    "nombre": "PAULETTE JOYAS",
    "domicilio": "PASEO DEL HOSPICIO 22 LOCAL 2006  SAN JUAN DE DIOS, C.P. 44360",
    "ciudad": "Guadalajara",
    "entidad": "Jalisco",
    "telefono": "",
    "latitud": 20.676437074858978,
    "longitud": -103.34074724155897
  },
  {
    "id": 62,
    "nombre": "PAULETTE JOYAS",
    "domicilio": "PASEO DEL HOSPICIO 65 R SAN JUAN DE DIOS, C.P. 44360",
    "ciudad": "Guadalajara",
    "entidad": "Jalisco",
    "telefono": "",
    "latitud": 20.67716199071198,
    "longitud": -103.33906937324205
  },
  {
    "id": 63,
    "nombre": "Joyería y Regalos Casa Valencia",
    "domicilio": "FEDERICO DEL TORO 166 CIUDAD GUZMAN CENTRO, ZAPOTLAN EL GRANDE C.P. 49000",
    "ciudad": "Ciudad Guzmán",
    "entidad": "Jalisco",
    "telefono": "",
    "latitud": 19.707491834157306,
    "longitud": -103.46331907054149
  },
  {
    "id": 64,
    "nombre": "Joyería y Regalos Casa Valencia",
    "domicilio": "BENITO JUAREZ 118 AGUASCALIENTES CENTRO C.P. 20000",
    "ciudad": "Aguascalientes",
    "entidad": "Aguascalientes",
    "telefono": "",
    "latitud": 21.881400716286308,
    "longitud": -102.29464710167497
  },
  {
    "id": 65,
    "nombre": "Joyería y Regalos Casa Valencia",
    "domicilio": "ARTILLEROS DE 1847 426 CHAPULTEPEC SUR, C.P. 58260",
    "ciudad": "Morelia",
    "entidad": "Michoacán de Ocampo",
    "telefono": "",
    "latitud": 19.69195006914681,
    "longitud": -101.17261488140416
  },
  {
    "id": 66,
    "nombre": "Joyería Ruiz Hermanos",
    "domicilio": "MIGUEL ALEMAN SORIANA LAS ROSAS SN 4 GOMEZ PALACIO CENTRO, C.P. 35000",
    "ciudad": "Gomez Palacio",
    "entidad": "Durango",
    "telefono": "",
    "latitud": 25.55423776151016,
    "longitud": -103.50576349778595
  },
  {
    "id": 67,
    "nombre": "Joyería Torres",
    "domicilio": "OBREGON ESQ. REFORMA S/N LOC 57 IGUALA DE LA INDEPENDENCIA CENTRO, C.P. 40000",
    "ciudad": "Iguala de la Independencia",
    "entidad": "Guerrero",
    "telefono": "",
    "latitud": 18.344176535323182,
    "longitud": -99.54125817570782
  },
  {
    "id": 68,
    "nombre": "Joyería Torres",
    "domicilio": "REFORMA ESQUINA OBREGON SIN NUMERO LOCAL 22 IGUALA DE LA INDEPENDENCIA CENTRO, C.P. 40000",
    "ciudad": "Iguala de la Independencia",
    "entidad": "Guerrero",
    "telefono": "",
    "latitud": 18.344176535323182,
    "longitud": -99.54125817570782
  },
  {
    "id": 69,
    "nombre": "Joyería Vanguardia",
    "domicilio": "AVENIDA CORREGIDORA SUR 128 CENTRO, C.P. 76000",
    "ciudad": "Querétaro",
    "entidad": "Querétaro",
    "telefono": "",
    "latitud": 20.589817174934318,
    "longitud": -100.39040201157378
  },
  {
    "id": 70,
    "nombre": "Joyería Vanguardia",
    "domicilio": "PRIVADA CARLOTTI 3022 29 SONTERRA, C.P. 76235",
    "ciudad": "Querétaro",
    "entidad": "Querétaro",
    "telefono": "",
    "latitud": 20.589817174934318,
    "longitud": -100.39040201157378
  },
  {
    "id": 71,
    "nombre": "Joyerías Aries",
    "domicilio": "ALLENDE NORTE 16 SANTIAGO DE QUERETARO C.P. 76000",
    "ciudad": "Santiago de Querétaro",
    "entidad": "Querétaro",
    "telefono": "",
    "latitud": 20.592792900513043,
    "longitud": -100.39397992258247
  },
  {
    "id": 72,
    "nombre": "Comercial Soria",
    "domicilio": "BLVD HEROES 5 DE MAYO 3126 LOCAL 131 LADRILLERA DE BENITEZ, C.P. 72530",
    "ciudad": "Heroica Puebla",
    "entidad": "Puebla",
    "telefono": "",
    "latitud": 19.028556493309846,
    "longitud": -98.20328710451601
  },
  {
    "id": 73,
    "nombre": "Joyería Ruiz Hermanos",
    "domicilio": "BLVD. MIGUEL ALEMAN SN LOCAL 120-A  GOMEZ PALACIO CENTRO, C.P. 35000",
    "ciudad": "Gomez Palacio",
    "entidad": "Durango",
    "telefono": "",
    "latitud": 25.554737994348887,
    "longitud": -103.49537466076328
  }
]